patient name,age,gender,height,weight,symptoms,allergies,disease1,disease2,disease3
Anjum Ulazim,20,Male,172,50,"Low-grade fevers, malaise, weight loss, myalgias, and arthralgias",None,"***Disease : Bacterial meningitis

**Treatment for Bacterial Meningitis:**

**1. Antibiotic Therapy:**
- Administered intravenously or orally based on the identified pathogen.
- The choice of antibiotic depends on the causative bacteria.
- Duration of treatment is determined by the severity of the infection and the causative organism.

**2. Supportive Measures:**
- Rest and bed rest to alleviate symptoms.
- Anti-inflammatory medications, such as ibuprofen or acetaminophen, to reduce fever, pain, and swelling.
- Fluids to maintain hydration.
- Monitoring for signs of complications, such as sepsis, brain injury, or coma.

**3. Vaccination:**
- Recommended for individuals at high risk of bacterial meningitis, such as healthcare workers, patients with compromised immune systems, and those with diabetes.

**4. Antiviral Therapy:**
- Not applicable for bacterial meningitis.

**5. Prognosis:**
- The prognosis for bacterial meningitis depends on the severity of the infection, underlying health conditions, and timely treatment.
- With early diagnosis and appropriate treatment, many patients with bacterial meningitis recover completely.

**6. Prevention:**
- Good hygiene practices, such as hand washing, avoiding contact with sick individuals, and maintaining a clean and dry environment, can help prevent bacterial meningitis.
- Vaccination is recommended for certain high-risk individuals.

**7. Follow-Up Care:**
- Regular follow-up appointments are necessary to monitor for signs of complications, such as recurrent meningitis, brain infections, or other neurological problems.

**Note:**

- The specific treatment plan may vary depending on the underlying health conditions, the causative bacteria, and the stage of the infection.
- Early diagnosis and treatment are crucial for successful management of bacterial meningitis.
- It is important to seek medical attention promptly if symptoms of bacterial meningitis are present.","***Disease :  Influenza

**Treatment for Influenza**

**Disclaimer: The following information is intended for general knowledge and informational purposes only, and does not constitute medical advice. It is essential to consult with a healthcare professional for proper diagnosis and treatment.**

**1. Rest and Hydration:**
- Get plenty of rest to allow the body to recover.
- Drink plenty of fluids, such as water, juice, and soups, to stay hydrated.

**2. Over-the-Counter Medications:**
- Acetaminophen (Tylenol) or ibuprofen (Advil) can help relieve pain and fever.
- Decongestants, such as nasal sprays or drops, can help relieve congestion.

**3. Rest and Isolation:**
- Stay home from work or school when you are sick to avoid spreading the virus to others.
- Avoid close contact with others, especially those who are sick.

**4. Medications:**
- In severe cases, your doctor may prescribe medications such as antibiotics, antiviral medications, or corticosteroids.

**5. Vaccination:**
- Getting vaccinated can help prevent influenza and reduce the severity of symptoms if you do get sick.

**6. Complementary Therapies:**
- Some complementary therapies, such as acupuncture, massage therapy, and yoga, may help relieve symptoms of influenza. However, there is no scientific evidence to support their effectiveness.

**7. Herbal Remedies:**
- Some herbal remedies, such as elderberry, ginger, and honey, may help relieve symptoms of influenza. However, more research is needed to confirm their effectiveness.

**8. Prognosis:**
- The prognosis for influenza is generally good if the disease is treated early and properly. However, complications, such as pneumonia, sepsis, and brain infections, can occur.","***Disease :  Tonsillitis

**Treatment for Tonsillitis**

**1. Rest:**
* Avoid strenuous activities and heavy lifting.
* Get plenty of rest to allow the body to heal.

**2. Fluids:**
* Drink plenty of fluids, especially water, to stay hydrated.
* Avoid alcohol and caffeine, as they can dehydrate the body.

**3. Over-the-Counter Medications:**
* Pain relievers, such as ibuprofen or acetaminophen, can help relieve pain and fever.
* Anti-inflammatory medications, such as ibuprofen or naproxen, can help reduce swelling and pain.
* Decongestants, such as nasal spray or drops, can help relieve congestion.

**4. Antibiotics:**
* Antibiotics are typically not necessary for treating uncomplicated tonsillitis.
* Antibiotics may be prescribed if the tonsillitis is caused by a bacterial infection.

**5. Complementary Therapies:**
* Some complementary therapies, such as acupuncture and massage therapy, may help relieve symptoms of tonsillitis.
* Herbal teas, such as chamomile and peppermint, may also be helpful.

**6. Surgery:**
* Tonsillectomy, the surgical removal of the tonsils, may be recommended for severe cases of tonsillitis that do not respond to other treatments.

**7. When to See a Doctor:**
* If your tonsillitis is severe, persistent, or accompanied by other symptoms, such as a fever over 101 degrees Fahrenheit, difficulty breathing, or a rash, seek medical attention immediately.
* Tonsillitis that lasts for more than two weeks, is accompanied by a sore throat, or that does not respond to treatment, may require further evaluation.

**Tips for Prevention:**

* Wash your hands frequently with soap and water.
* Avoid close contact with people who are sick.
* Get regular check-ups to monitor your health.
* Quit smoking, as it can worsen throat conditions."
,,,,,,,,,
,,,,,,,,,
,,,,,,,,,
,,,,,,,,,
,,,,,,,,,
,,,,,,,,,
,,,,,,,,,
,,,,,,,,,
,,,,,,,,,
,,,,,,,,,
,,,,,,,,,
,,,,,,,,,
,,,,,,,,,
,,,,,,,,,
,,,,,,,,,
,,,,,,,,,
,,,,,,,,,
,,,,,,,,,
,,,,,,,,,
,,,,,,,,,
,,,,,,,,,
,,,,,,,,,
,,,,,,,,,
,,,,,,,,,
,,,,,,,,,
,,,,,,,,,
,,,,,,,,,
,,,,,,,,,
,,,,,,,,,
,,,,,,,,,
,,,,,,,,,
,,,,,,,,,
,,,,,,,,,
,,,,,,,,,
,,,,,,,,,
,,,,,,,,,
,,,,,,,,,
,,,,,,,,,
,,,,,,,,,
,,,,,,,,,
,,,,,,,,,
,,,,,,,,,
,,,,,,,,,
,,,,,,,,,
,,,,,,,,,
,,,,,,,,,
,,,,,,,,,
,,,,,,,,,
,,,,,,,,,
,,,,,,,,,
